"";"TeamName";"TeamCountry";"TeamCity";"nParticipations";"TeamID";"TeamLongitude";"TeamLatitude"
"1";"13te Legion";"Deutschland";"Olpe";1;1;7,8424193;51,0297603
"2";"1. HaÃÂÃÂlocher Tonnenklopfer";"Deutschland";"HaÃloch";3;2;8,2565755;49,362976
"3";"5.0 Party Crew";"Deutschland";"LÃ¼neburg";3;3;10,4078555;53,248706
"4";"Aachen Jugger";"Deutschland";"Aachen";1;4;6,083862;50,776351
"5";"Affeln mit Waffen";"Deutschland";"Sulzbach-Rosenberg";3;5;11,7470259;49,4992468
"6";"Affen mit Waffeln";"Deutschland";"Sulzbach-Rosenberg";18;6;11,7470259;49,4992468
"7";"Affen mit Waffen";"Deutschland";"Sulzbach-Rosenberg";36;7;11,7470259;49,4992468
"8";"Affen mit Waffen 3";"Deutschland";"Sulzbach-Rosenberg";1;8;11,7470259;49,4992468
"9";"Ahle SÃÂÃÂ¤cke";"Deutschland";"Rotenburg a. d. Fulda";16;9;9,7269936;50,9948584
"10";"AH Mixedup";"Deutschland";"Mixteam";1;10;NA;NA
"11";"Aixcalibur";"Deutschland";"Aachen";2;11;6,083862;50,776351
"12";"Amazonenkinder";"Deutschland";"Jena";34;12;11,5879359;50,9281717
"13";"AmmepÃÂÃÂ¶bel";"Deutschland";"F'hain";1;13;13,4502904;52,5122154
"14";"Amsteljugger";"Nederland";"Amsterdam";3;14;4,89797550561798;52,3745403
"15";"Anarchistische Juggergemeinschaft Deutschland";"Deutschland";"H(H/D)";1;15;9,0086095;49,1321662
"16";"Anima Draconis";"Deutschland";"Berlin";2;16;13,3888599;52,5170365
"17";"Anima Equorum";"Deutschland";"Halle Saale";11;17;11,9705452;51,4825041
"18";"Anima Equorum 2";"Deutschland";"Halle Saale";1;18;11,9705452;51,4825041
"19";"Armageddon";"Deutschland";"NÃ¼rnberg";11;19;12,9118642;48,3619187
"20";"Armageddon II";"Deutschland";"NÃ¼rnberg";1;20;12,9118642;48,3619187
"21";"Assis unter Palmen";"Deutschland";"Mainz - Darmstadt";1;21;NA;NA
"22";"Atoxera 2.0";"Deutschland";"Rotenburg a. d. Fulda";7;22;9,7269936;50,9948584
"23";"Auenland Pudel";"Deutschland";"Heidelberg-Darmstadt";1;23;NA;NA
"24";"Awesome Pirates";"Deutschland";"Leer";23;24;7,46314680378176;53,2473626
"25";"Badass Buccaneers";"Deutschland";"Leer";2;25;7,46314680378176;53,2473626
"26";"Bad Rabbits";"Deutschland";"Lorsch";1;26;8,5682813;49,6546967
"27";"Bananarama";"Deutschland";"Bielefeld";1;27;8,60709241553391;52,04254155
"28";"Barbaren";"Deutschland";"Augsburg";1;28;9,1026652;54,5033271
"29";"Bavarian Mayhem";"Deutschland";"Augsburg";5;29;9,1026652;54,5033271
"30";"Berlin Oldstarz";"Deutschland";"Berlin";1;30;13,3888599;52,5170365
"31";"Berserker";"Deutschland";"Halle Saale";1;31;11,9705452;51,4825041
"32";"Betreuung und BeratungsbÃÂÃÂ¼ro";"Deutschland";"Deutschland";1;32;12,3104346471077;51,308718
"33";"Beulen Eulen";"Deutschland";"SaarbrÃ¼cken";3;33;6,996379;49,234362
"34";"Bildungsurlaub";"Deutschland";"Gatschow";2;34;13,06975;53,8332371
"35";"Bildungsurlaub (G OT D)";"Deutschland";"Demmin";3;35;13,0327836;53,9070019
"36";"Bird of Prey";"Deutschland";"Rethwisch";2;36;10,4447553;53,7828378
"37";"Bird of Prey 2";"Deutschland";"Rethwisch";1;37;10,4447553;53,7828378
"38";"Black and White";"Deutschland";"Augsburg";3;38;9,1026652;54,5033271
"39";"Black Dragons";"EspaÃ±a";"Valencia";1;39;-0,3759512;39,4699014
"40";"Blackout";"Deutschland";"GÃ¶ttingen";21;40;9,9352051;51,5327604
"41";"Black Panthers";"Deutschland";"Lippstadt";1;41;8,347194;51,6747074
"42";"Black Pompfer";"Deutschland";"Nortorf";1;42;9,8559648;54,1684689
"43";"Black Tigers";"Deutschland";"Itzehoe";1;43;9,5155854;53,9250316
"44";"BlaubÃÂÃÂ¤ren";"Deutschland";"Hannover/Paderborn";1;44;NA;NA
"45";"Blue Fangs";"Deutschland";"Frankfurt (Oder)";6;45;14,549452;52,3412273
"46";"BlutgrÃÂÃÂ¤tsche";"Deutschland";"LÃ¼beck";25;46;10,684738;53,866444
"47";"Bob Jugger";"Deutschland";"Karlsruhe";7;47;7,2931076;51,1525383
"48";"Braindead";"Deutschland";"Hausach";2;48;8,174972;48,2836305
"49";"Braunschweig Bier & Brezeln";"Deutschland";"Braunschweig";1;49;10,5252669;52,2639962
"50";"C-54 Skymaster";"Deutschland";"Berlin";1;50;13,3888599;52,5170365
"51";"Calzonenkinder";"Deutschland";"Jena";2;51;11,5879359;50,9281717
"52";"Captura";"Deutschland";"LÃ¼neburg";11;52;10,4078555;53,248706
"53";"Cervisia Ultima";"Deutschland";"Duisburg";35;53;6,759562;51,434999
"54";"ChaOS";"Deutschland";"OsnabrÃ¼ck";3;54;8,049741;52,266837
"55";"ChaosGallier";"Deutschland";"Hausach";1;55;8,174972;48,2836305
"56";"Chimaera Brunsviga";"Deutschland";"Braunschweig";34;56;10,5252669;52,2639962
"57";"Chimaera Brunsviga II";"Deutschland";"Braunschweig";7;57;10,5252669;52,2639962
"58";"Chimera Kraken";"Deutschland";"Mixteam";1;58;NA;NA
"59";"Clausthal Boss Mob";"Deutschland";"Clausthal";1;59;10,3338277;51,8043301
"60";"Cottbus Klatscher";"Deutschland";"Cottbus";8;60;14,3357307;51,7567447
"61";"Crainium Hunters";"Deutschland";"LÃ¼neburg";1;61;10,4078555;53,248706
"62";"Cranium ex Machina";"Deutschland";"Hamburg";2;62;10,000654;53,550341
"63";"Cranium Hunters";"Deutschland";"LÃ¼neburg";9;63;10,4078555;53,248706
"64";"Crash Kids";"Deutschland";"LÃ¼neburg";10;64;10,4078555;53,248706
"65";"Crazy Jugger";"Deutschland";"Rotenburg a. d. Fulda";1;65;9,7269936;50,9948584
"66";"Cruenta Clava";"Deutschland";"LÃ¼neburg";9;66;10,4078555;53,248706
"67";"CÃÂÃÂº Chulainn";"Ireland";"Dublin";1;67;-6,2602731;53,3497645
"68";"Dah Guldur";"Deutschland";"Dachau";1;68;11,4354419;48,2592477
"69";"Dark Invasion";"Deutschland";"LÃ¼neburg";1;69;10,4078555;53,248706
"70";"Darkwing Jugg";"Deutschland";"Arnsberg";2;70;8,0605908;51,4002384
"71";"Dead Rabbits";"Deutschland";"Lorsch";3;71;8,5682813;49,6546967
"72";"Der Mob";"Deutschland";"SaarbrÃ¼cken";7;72;6,996379;49,234362
"73";"Der Rhabarbar Barbar";"Deutschland";"Augsburg";1;73;9,1026652;54,5033271
"74";"Di-Da";"Deutschland";"GÃ¶ttingen";1;74;9,9352051;51,5327604
"75";"Die 8 lustigen 6!";"Deutschland";"Hamburg";1;75;10,000654;53,550341
"76";"Die desolaten Alsterponys";"Deutschland";"Hamburg";1;76;10,000654;53,550341
"77";"Die eigentlich Besseren";"Deutschland";"Deutschland";1;77;12,3104346471077;51,308718
"78";"Die Goldenen Reiter";"Deutschland";"Dresden";3;78;13,7712517966471;51,09316395
"79";"Die Granitgrauen Juggerstorche";"Deutschland";"Marburg";1;79;8,7757742;50,8117327
"80";"Die GrasgrÃÂÃÂ¼nen Juggerschafe";"Deutschland";"Marburg";3;80;8,7757742;50,8117327
"81";"Die Halleschen DoppelsÃÂÃÂ¶ldner";"Deutschland";"Halle Saale";14;81;11,9705452;51,4825041
"82";"Die Keiler 2";"Deutschland";"Oldenburg";2;82;8,2146017;53,1389753
"83";"Die Konditionssteine";"Deutschland";"Halle Saale";4;83;11,9705452;51,4825041
"84";"Die kranken Schwestern";"Deutschland";"Bad Oldesloe";1;84;10,3733692;53,8096562
"85";"Die KreischwÃÂÃÂ¼rste";"Deutschland";"3 Citys";1;85;NA;NA
"86";"Die Kuhdorf-Vereinigung";"Deutschland";"Liebenscheid";18;86;8,094925;50,6951129
"87";"Die Kurzen ""pure strenght""";"Deutschland";"Geilenhausen";3;87;NA;NA
"88";"Die Leere Menge";"Deutschland";"Greifswald";44;88;13,3815238;54,095791
"89";"Die Liga der auÃÂÃÂergewÃÂÃÂ¶hnlichen Jug";"Deutschland";"Europa";1;89;13,3380754529705;52,5044954
"90";"Die Maximalkonsistente Teilklasse";"Deutschland";"Greifswald";18;90;13,3815238;54,095791
"91";"Die mit der MÃÂÃÂ¼hle";"Deutschland";"FÃ¼rth";6;91;10,989616;49,477263
"92";"Die Rehabilitanden";"Deutschland";"Husum";4;92;9,0538156;54,4853638
"93";"Die Rote Hand";"Deutschland";"Rohlstorf";2;93;10,4067958;53,9709903
"94";"Die Sechs Symbole";"Deutschland";"Blasheim";2;94;8,56945178105711;52,303338
"95";"Die Unbesingbaren";"Deutschland";"Deutschland";1;95;12,3104346471077;51,308718
"96";"Die VerstÃÂÃÂ¶rten Zernichter";"Deutschland";"WÃ¼rzburg";4;96;9,932966;49,79245
"97";"Drachenblut";"Deutschland";"Waidhaus";19;97;12,4965684;49,6411504
"98";"Drachenblut II";"Deutschland";"Waidhaus";6;98;12,4965684;49,6411504
"99";"Drachenblut III";"Deutschland";"Waidhaus";1;99;12,4965684;49,6411504
"100";"Drachenblut Jugend";"Deutschland";"Waidhaus";1;100;12,4965684;49,6411504
"101";"Dragon Sport";"Deutschland";"Nortorf";1;101;9,8559648;54,1684689
"102";"Dropkick Cologne";"Deutschland";"KÃ¶ln";4;102;6,959974;50,938361
"103";"Dropkick Colone";"Deutschland";"KÃ¶ln";1;103;6,959974;50,938361
"104";"DSF";"Deutschland";"Berlin";2;104;13,3888599;52,5170365
"105";"Egestas Ratio";"Deutschland";"Duisburg";3;105;6,759562;51,434999
"106";"Ehrengarde";"Deutschland";"Speyer";1;106;8,433615;49,3165553
"107";"Elements";"EspaÃ±a";"Museros";1;107;-0,3426528;39,5644775
"108";"Els Gegants";"EspaÃ±a";"LÃ©rida";1;108;0,6267842;41,6147605
"109";"Esox Lucius";"Deutschland";"Kaiserslautern";1;109;7,7689951;49,4432174
"110";"Eure Lieblingsberliner";"Deutschland";"Berlin";3;110;13,3888599;52,5170365
"111";"Evil Eye";"Sverige";"Ãrebro";1;111;15,2149988;59,2747378
"112";"Falco jugger";"Deutschland";"Berlin";53;112;13,3888599;52,5170365
"113";"Falcones44";"Deutschland";"Berlin";1;113;13,3888599;52,5170365
"114";"falkliche ÃÂÃÂbernahme";"Deutschland";"Berlin";1;114;13,3888599;52,5170365
"115";"Federvieh";"Deutschland";"Berlin";3;115;13,3888599;52,5170365
"116";"Fennek";"Deutschland";"Berlin";1;116;13,3888599;52,5170365
"117";"Fighters";"Deutschland";"Berlin";1;117;13,3888599;52,5170365
"118";"FilenameNotFound";"Deutschland";"HaÃloch";1;118;8,2565755;49,362976
"119";"Fischkoppkrieger";"Deutschland";"Kiel";42;119;10,1371858;54,3216753
"120";"Fischkoppkrieger 2";"Deutschland";"Kiel";5;120;10,1371858;54,3216753
"121";"FischkÃÂÃÂ¶rperkultur";"Deutschland";"Kiel";1;121;10,1371858;54,3216753
"122";"Five Finger Death Pompfer";"Deutschland";"Trusetal/Schmalkalden";2;122;NA;NA
"123";"FlÃÂÃÂ¤minger Bumchucks";"Deutschland";"Belzig";4;123;12,5865873;52,1405622
"124";"Flash Bones";"Deutschland";"Nortorf";1;124;9,8559648;54,1684689
"125";"Flossenhauer";"Deutschland";"Freiburg";2;125;13,3428889;50,9169415
"126";"Flying Duckmen";"Deutschland";"Bonn";2;126;7,10066;50,735851
"127";"Flying Hugmen";"Deutschland";"Bonn";2;127;7,10066;50,735851
"128";"Flying Juggmen 2";"Deutschland";"Bonn";1;128;7,10066;50,735851
"129";"Flying JUGGmen Bonn";"Deutschland";"Bonn";31;129;7,10066;50,735851
"130";"Flying Mortis";"Deutschland";"Berlin";1;130;13,3888599;52,5170365
"131";"Flying Phoenix";"Deutschland";"Marburg";1;131;8,7757742;50,8117327
"132";"Flying Rhinos";"Deutschland";"Berlin";3;132;13,3888599;52,5170365
"133";"Flying Wolfmen";"Deutschland";"Bonn/Bielefeld";1;133;NA;NA
"134";"Forrest Jugg";"Deutschland";"Freudenberg";1;134;6,5316603;49,5470153
"135";"Frankespavos de Kiev";"EspaÃ±a";"Valencia";2;135;-0,3759512;39,4699014
"136";"Freilos";"Deutschland";"Mixteam";1;136;NA;NA
"137";"Friedenskraken";"Deutschland";"Bremen";1;137;9,7627799;47,7205398
"138";"FrostwÃÂÃÂ¶lfe";"Deutschland";"Oldenburg";3;138;8,2146017;53,1389753
"139";"FrÃÂÃÂ¼hstart";"Deutschland";"Oldenburg";1;139;8,2146017;53,1389753
"140";"GAG";"Deutschland";"Berlin";34;140;13,3888599;52,5170365
"141";"GAGtura 5.0";"Deutschland";"LÃ¼neburg";1;141;10,4078555;53,248706
"142";"GalgenvÃÂÃÂÃÂÃÂ¶gel";"Deutschland";"Bayreuth";4;142;11,5763079;49,9427202
"143";"Gallier";"Deutschland";"Kaltbrunn";3;143;12,3665445;48,084828
"144";"GartenmÃÂÃÂ¶bel";"Deutschland";"GÃ¶ttingen";1;144;9,9352051;51,5327604
"145";"Gegenvorschlag";"Deutschland";"Deutschland";1;145;12,3104346471077;51,308718
"146";"Gladiatoris ab rivo nigro";"Deutschland";"Homburg";8;146;7,3340336;49,3181673
"147";"Global Jugger";"Deutschland";"NÃ¼rnberg";1;147;12,9118642;48,3619187
"148";"Global Juggers";"Deutschland";"NÃ¼rnberg";2;148;12,9118642;48,3619187
"149";"Gossenhauer";"Deutschland";"Freiburg";37;149;13,3428889;50,9169415
"150";"Gossenhauer 2";"Deutschland";"Freiburg";1;150;13,3428889;50,9169415
"151";"Gossenhauer Veteranen";"Deutschland";"Freiburg";4;151;13,3428889;50,9169415
"152";"Gossenhobbiz";"Deutschland";"Freiburg";1;152;13,3428889;50,9169415
"153";"Gossenhoschis";"Deutschland";"Freiburg";1;153;13,3428889;50,9169415
"154";"Gossenmob";"Deutschland";"Mixteam";1;154;NA;NA
"155";"Gossenpinkler";"Argentina";"-";1;155;-75,9791153;2,1985723
"156";"GÃÂÃÂ¶sser";"EspaÃ±a";"Murcia";1;156;-1,130543;37,9923795
"157";"Gott AG";"Deutschland";"Berlin";2;157;13,3888599;52,5170365
"158";"GÃÂÃÂ¶ttingen Unisport";"Deutschland";"GÃ¶ttingen";1;158;9,9352051;51,5327604
"159";"GrÃÂÃÂ¼nanlagen Gorillas";"Deutschland";"Berlin";1;159;13,3888599;52,5170365
"160";"GrÃÂÃÂ¼nanlagen Guerilla";"Deutschland";"Berlin";29;160;13,3888599;52,5170365
"161";"GSG-NeuN Demmin";"Deutschland";"Demmin";1;161;13,0327836;53,9070019
"162";"GS Sch'feld Juggers";"Deutschland";"Schenklengsfeld";1;162;9,8452709;50,8193144
"163";"GummibÃÂÃÂ¤renbande";"Deutschland";"Homburg";2;163;7,3340336;49,3181673
"164";"HaLiBer";"Deutschland";"Lippstadt";1;164;8,347194;51,6747074
"165";"Hallesche Sportsteinschwalben HDS Frauen";"Deutschland";"Halle Saale";1;165;11,9705452;51,4825041
"166";"Hallo Richard";"Deutschland";"Karlsruhe";1;166;7,2931076;51,1525383
"167";"HangOut Voerde";"Deutschland";"Voerde";2;167;9,1362085;53,4850249
"168";"Hannover Allstars";"Deutschland";"Hannover";2;168;9,7385532;52,3744779
"169";"Hannover Haumichblau";"Deutschland";"Hannover";16;169;9,7385532;52,3744779
"170";"Haudegen Mannheim";"Deutschland";"Mannheim";1;170;8,467236;49,489591
"171";"HaWu AllstarZ";"Deutschland";"Gevelsberg";13;171;7,3401575;51,3213173
"172";"Heidelberg Nord";"Deutschland";"Hamburg";1;172;10,000654;53,550341
"173";"Heilige Handgranate GÃÂÃÂ¶ttingen";"Deutschland";"GÃ¶ttingen";3;173;9,9352051;51,5327604
"174";"Hipnosapos";"EspaÃ±a";"Murcia";1;174;-1,130543;37,9923795
"175";"Hobbiz";"Deutschland";"Heidelberg";54;175;8,694724;49,4093582
"176";"Hobbiz Durst";"Deutschland";"Heidelberg";1;176;8,694724;49,4093582
"177";"Hobbiz Kekse";"Deutschland";"Heidelberg";9;177;8,694724;49,4093582
"178";"Hobbiz Schokolade";"Deutschland";"Heidelberg";1;178;8,694724;49,4093582
"179";"Hollowheads";"Deutschland";"LÃ¼neburg";1;179;10,4078555;53,248706
"180";"HondsfrÃÂÃÂ¤sser";"Deutschland";"Trusetal";1;180;10,4054845;50,785353
"181";"Hornets Butzbach";"Deutschland";"Butzbach";5;181;8,6701896;50,4344696
"182";"HSV Lippstadt";"Deutschland";"Lippstadt";1;182;8,347194;51,6747074
"183";"Hurricane Blades";"Deutschland";"Bingen am Rhein";2;183;7,9;49,9667
"184";"Illuminati";"Deutschland";"SaarbrÃ¼cken";2;184;6,996379;49,234362
"185";"Illuminati v2.0";"Deutschland";"SaarbrÃ¼cken";2;185;6,996379;49,234362
"186";"Immortalis";"Deutschland";"Fuerth";1;186;10,989616;49,477263
"187";"Indiwi e V Kinderteam";"Deutschland";"Berlin";1;187;13,3888599;52,5170365
"188";"JÃÂÃÂ¤rnboÃÂÃÂ¥s JÃÂÃÂ¤rnfalkar";"Sverige";"JÃ¤rnboÃ¥s";1;188;14,8665565;59,6546727
"189";"JNV Westfalia ThÃÂÃÂ¼le 69 - Alte Herren II";"Deutschland";"BÃÃMudadreieck";1;189;NA;NA
"190";"Joker 1";"Deutschland";"Halle Saale";2;190;11,9705452;51,4825041
"191";"Joker 2";"Deutschland";"Halle Saale";2;191;11,9705452;51,4825041
"192";"J-Team Lippstadt";"Deutschland";"Lippstadt";28;192;8,347194;51,6747074
"193";"Juggalagga";"Deutschland";"Bamberg";4;193;10,8876149;49,8926723
"194";"Jugg Daniels";"Deutschland";"Berlin";1;194;13,3888599;52,5170365
"195";"Jugger Aachen";"Deutschland";"Aachen";1;195;6,083862;50,776351
"196";"Jugger Ahaus";"Deutschland";"Ahaus";6;196;7,0068588;52,0759056
"197";"Jugger am Eck (Jaeck)";"Deutschland";"Koblenz";1;197;7,5943951;50,3533278
"198";"Jugger Devils";"Deutschland";"Bad Hersfeld";5;198;9,7068481;50,8681341
"199";"Jugger Devils KuppenrhÃÂÃÂ¶n";"Deutschland";"Friedewald";7;199;7,96247422301466;50,71014745
"200";"Jugger Devils KuppenrhÃÂÃÂ¶n 2";"Deutschland";"Friedewald";1;200;7,96247422301466;50,71014745
"201";"Jugger Fuzzies";"Deutschland";"Schenklengsfeld";1;201;9,8452709;50,8193144
"202";"Jugger-Haufen-Bochum";"Deutschland";"Bochum";42;202;7,1401155;51,4716282
"203";"Jugger-Haufen Bochum 2";"Deutschland";"Bochum";11;203;7,1401155;51,4716282
"204";"Jugger-Haufen Bochum 3";"Deutschland";"Bochum";1;204;7,1401155;51,4716282
"205";"Jugger Helden Bamberg";"Deutschland";"Bamberg";22;205;10,8876149;49,8926723
"206";"Jugger-Hemer";"Deutschland";"Hemer";1;206;7,7661798;51,3854116
"207";"Jugger Hunter";"Deutschland";"Rotenburg a. d. Fulda";9;207;9,7269936;50,9948584
"208";"Jugger in";"Deutschland";"Augsburg";1;208;9,1026652;54,5033271
"209";"Jugger JÃÂÃÂ¼nger";"Deutschland";"Kiel";1;209;10,1371858;54,3216753
"210";"Jugger Karlsruhe";"Deutschland";"Karlsruhe";1;210;7,2931076;51,1525383
"211";"Jugger Legion Kreis Olpe";"Deutschland";"Olpe";1;211;7,8424193;51,0297603
"212";"JuggerMeister";"EspaÃ±a";"Madrid";1;212;-3,7035824;40,4167047
"213";"JuggerMeister Mix";"EspaÃ±a";"Madrid";1;213;-3,7035824;40,4167047
"214";"Juggernauts";"Deutschland";"NÃ¼rnberg";40;214;12,9118642;48,3619187
"215";"Jugger PÃÂÃÂ¶belblock";"Deutschland";"Hamburg/Berlin";1;215;NA;NA
"216";"Jugger Psychos Bamberg";"Deutschland";"Bamberg";1;216;10,8876149;49,8926723
"217";"JuggerRangers";"Deutschland";"KÃ¶ln";1;217;6,959974;50,938361
"218";"(Jugger SaarbrÃÂÃÂ¼cken, noch ohne Namen)";"Deutschland";"SaarbrÃ¼cken";2;218;6,996379;49,234362
"219";"Jugger Schurken Bamberg";"Deutschland";"Bamberg";7;219;10,8876149;49,8926723
"220";"Jugger Sports Treveris";"Deutschland";"Trier";2;220;6,6441878;49,7596208
"221";"Jugger und Sammler";"Deutschland";"Biblis";2;221;8,4534916;49,6879986
"222";"Jugger Uni Augsburg";"Deutschland";"Augsburg";1;222;9,1026652;54,5033271
"223";"Jugg&Jones";"Deutschland";"Rethwisch";2;223;10,4447553;53,7828378
"224";"Jugglers Jugg";"Deutschland";"Halle Saale";27;224;11,9705452;51,4825041
"225";"Jugglers Jugg Academy";"Deutschland";"Halle Saale";7;225;11,9705452;51,4825041
"226";"Jugglers Luck";"Deutschland";"Halle Saale";3;226;11,9705452;51,4825041
"227";"Jugg Life";"Deutschland";"Lippstadt";4;227;8,347194;51,6747074
"228";"Jugg Noris";"Deutschland";"NÃ¼rnberg";1;228;12,9118642;48,3619187
"229";"Jugg Norris";"Deutschland";"Kassel";2;229;9,288335215129;50,19556435
"230";"Jugg Norris 1";"Deutschland";"Kassel";1;230;9,288335215129;50,19556435
"231";"Jugg Norris 2";"Deutschland";"Kassel";1;231;9,288335215129;50,19556435
"232";"Juggpot";"Deutschland";"Fulda";3;232;9,676511;50,5521486
"233";"Juggson Five";"Deutschland";"Bielefeld";1;233;8,60709241553391;52,04254155
"234";"Jugg Tales";"Deutschland";"Winsen (Aller)";2;234;9,9101449;52,6796244
"235";"Jugg - the Ripper";"Deutschland";"Hagen";16;235;7,4727227;51,357862
"236";"Jugguars";"Deutschland";"Coswig";4;236;13,5783983;51,1267305
"237";"Jugg Warriors";"Deutschland";"Rotenburg a. d. Fulda";4;237;9,7269936;50,9948584
"238";"JUKK|ER";"Deutschland";"Schwaikheim";13;238;9,3515664;48,8747084
"239";"Jukker Stein";"Deutschland";"Schwaikheim";5;239;9,3515664;48,8747084
"240";"Julia und die RÃÂÃÂ¤uber";"Deutschland";"Mixteam";1;240;NA;NA
"241";"KÃÂÃÂ¤lber vom Kuhdorf";"Deutschland";"SchÃ¶nbach";1;241;6,9484147;50,2150185
"242";"Kamikaze Eulen";"Deutschland";"Rethwisch";38;242;10,4447553;53,7828378
"243";"Kampfkarpfen";"Deutschland";"RÃ¶ttenbach";2;243;10,9275812;49,6665474
"244";"Kampf Keiler";"Deutschland";"Oldenburg";21;244;8,2146017;53,1389753
"245";"Keiler";"Deutschland";"Oldenburg";22;245;8,2146017;53,1389753
"246";"Keine Ahnung";"Deutschland";"Bielefeld";2;246;8,60709241553391;52,04254155
"247";"Keine Ahnung?";"Deutschland";"Bielefeld";2;247;8,60709241553391;52,04254155
"248";"Kentucky schreit Jugger";"Deutschland";"Wuppertal";2;248;7,1780374;51,264018
"249";"Ketchup";"Deutschland";"Wuppertal";9;249;7,1780374;51,264018
"250";"Keulen Eulen";"Deutschland";"SaarbrÃ¼cken";8;250;6,996379;49,234362
"251";"Kids Mixteam";"Deutschland";"Berlin";1;251;13,3888599;52,5170365
"252";"Killerkids (Jugendteam des 1. J-C Hagen, ab 1";"Deutschland";"Hagen";1;252;7,4727227;51,357862
"253";"Kleinster Gemeinsamer Nenner";"Deutschland";"Greifswald";5;253;13,3815238;54,095791
"254";"Kleintierrevolte";"Deutschland";"Oldenburg";5;254;8,2146017;53,1389753
"255";"KlosterKÃÂÃÂ¤tzchen";"Deutschland";"Mixteam";1;255;NA;NA
"256";"Knautschzonenkinder";"Deutschland";"Jena";12;256;11,5879359;50,9281717
"257";"Kolibri";"Deutschland";"Oldenburg";2;257;8,2146017;53,1389753
"258";"KrÃÂÃÂ¼ppelkeiler";"Deutschland";"Oldenburg";1;258;8,2146017;53,1389753
"259";"KTO-Jugger";"Deutschland";"Berlin";1;259;13,3888599;52,5170365
"260";"KuschelKÃÂÃÂ¤tzchen";"Deutschland";"Karlsruhe";9;260;7,2931076;51,1525383
"261";"Lahnpinkchen";"Deutschland";"Mixteam";1;261;NA;NA
"262";"Lahnveilchen GieÃÂÃÂen";"Deutschland";"GieÃen";26;262;8,6742306;50,5862066
"263";"Lahnvielchen GieÃÂÃÂen";"Deutschland";"GieÃen";1;263;8,6742306;50,5862066
"264";"Las Nueve Ciudades";"EspaÃ±a";"Zaragoza";2;264;-0,8809427;41,6521342
"265";"Last Man Standing";"Deutschland";"Hamburg";33;265;10,000654;53,550341
"266";"Last Zela Standing";"Deutschland";"Bad Oldesloe";1;266;10,3733692;53,8096562
"267";"Leere Juggerzone";"Deutschland";"Greifswald";1;267;13,3815238;54,095791
"268";"Leipziger Nachtwache";"Deutschland";"Leipzig";23;268;12,3810549;51,3391827
"269";"Leipziger PartyhÃÂÃÂ¤nde";"Deutschland";"Leipzig";3;269;12,3810549;51,3391827
"270";"Les Calanquiers";"France";"Marseille";1;270;5,3699525;43,2961743
"271";"Living Undeads";"Deutschland";"Hannover";52;271;9,7385532;52,3744779
"272";"!llukS";"Deutschland";"Berlin";7;272;13,3888599;52,5170365
"273";"Lokomotive Black Ninja";"Deutschland";"GÃ¶ttingen";4;273;9,9352051;51,5327604
"274";"Lost Legends";"Deutschland";"Treffurt";4;274;10,2348109;51,1376968
"275";"MadBears";"Deutschland";"Mixteam";1;275;NA;NA
"276";"Mad Monkeys";"Deutschland";"Hagen";34;276;7,4727227;51,357862
"277";"Magnethopollos";"EspaÃ±a";"Murcia";1;277;-1,130543;37,9923795
"278";"Magnethopollos Jugger";"EspaÃ±a";"Murcia";1;278;-1,130543;37,9923795
"279";"Mainzer Amateure";"Deutschland";"Mainz";2;279;8,2710237;49,9999952
"280";"Mainzer Deserteure";"Deutschland";"Mainz";11;280;8,2710237;49,9999952
"281";"Mainzer Marodeure";"Deutschland";"Mainz";33;281;8,2710237;49,9999952
"282";"ManÃÂÃÂ¶verkritik";"Deutschland";"Berlin";1;282;13,3888599;52,5170365
"283";"Marienau";"Deutschland";"LÃ¼neburg";1;283;10,4078555;53,248706
"284";"Mengenleere";"Deutschland";"Greifswald";5;284;13,3815238;54,095791
"285";"MetMiezen";"Deutschland";"Karlsruhe";1;285;7,2931076;51,1525383
"286";"Mighty Juggs";"Deutschland";"Lippstadt";13;286;8,347194;51,6747074
"287";"Mikado";"Deutschland";"NÃ¼rnberg";1;287;12,9118642;48,3619187
"288";"Mixed";"Deutschland";"mixed";1;288;NA;NA
"289";"Mixerei";"Deutschland";"LÃ¼beck";7;289;10,684738;53,866444
"290";"Mix RST";"Deutschland";"Rotenburg a. d. Fulda";1;290;9,7269936;50,9948584
"291";"Mixteam";"Deutschland";"Berlin";1;291;13,3888599;52,5170365
"292";"Mix-Team";"Deutschland";"Mixteam";1;292;NA;NA
"293";"MixteamBergische2015";"Argentina";"-";1;293;-75,9791153;2,1985723
"294";"Mixteam HGW";"Deutschland";"Querbeet";1;294;12,4051354343667;51,3414712
"295";"Monsta Bag'z";"Deutschland";"Hamburg";1;295;10,000654;53,550341
"296";"Moonwalk to Pluto";"Deutschland";"GÃ¶ttingen";22;296;9,9352051;51,5327604
"297";"Morituri te salutant";"Deutschland";"Berlin";2;297;13,3888599;52,5170365
"298";"Mud Flagons";"Belgien";"Gent";1;298;3,7250121;51,0538286
"299";"Multikill";"Deutschland";"Schenklengsfeld";1;299;9,8452709;50,8193144
"300";"Munich Monks";"Deutschland";"MÃ¼nchen";14;300;11,580791;49,5560714
"301";"Murcia jugger selection";"EspaÃ±a";"Murcia";2;301;-1,130543;37,9923795
"302";"Myrmidonen";"Deutschland";"Rotenburg a. d. Fulda";4;302;9,7269936;50,9948584
"303";"Nachwuchshelden Bamberg";"Deutschland";"Bamberg";2;303;10,8876149;49,8926723
"304";"Na Mhic Tire";"Ireland";"Dublin";1;304;-6,2602731;53,3497645
"305";"Nauteranen";"Deutschland";"NÃ¼rnberg";1;305;12,9118642;48,3619187
"306";"Nauteraner";"Deutschland";"Mixteam";2;306;NA;NA
"307";"New Legends";"Deutschland";"Treffurt";2;307;10,2348109;51,1376968
"308";"Noch mehr Leipziger Nachtwache";"Deutschland";"Leipzig";2;308;12,3810549;51,3391827
"309";"NordgrÃÂÃÂ¤ten";"Deutschland";"Kiel";1;309;10,1371858;54,3216753
"310";"Nordic Titans";"Deutschland";"Rethwisch";5;310;10,4447553;53,7828378
"311";"Nordische Sport Amatuere (NSA)";"Deutschland";"Flensburg";12;311;9,4333264;54,7833021
"312";"Nordlichter";"Deutschland";"Hamburg";1;312;10,000654;53,550341
"313";"noTalent";"Deutschland";"Husberg";2;313;10,0438656;54,0706715
"314";".N.O.X.";"Deutschland";"Berlin";4;314;13,3888599;52,5170365
"315";"OlRoburg";"Deutschland";"Mixteam";2;315;NA;NA
"316";"Orange Juggernauts";"Deutschland";"NÃ¼rnberg";25;316;12,9118642;48,3619187
"317";"Oranjes";"Nederland";"Randstad";1;317;NA;NA
"318";"Out of Order";"Deutschland";"Rethwisch";8;318;10,4447553;53,7828378
"319";"Outtakes";"Deutschland";"SaarbrÃ¼cken";1;319;6,996379;49,234362
"320";"PaderBears";"Deutschland";"Paderborn";28;320;8,76486977817756;51,71895955
"321";"Pape DÃÂÃÂ¶neke's SchÃÂÃÂ¤deltÃÂÃÂ¤nzer";"Deutschland";"Ratzeburg";1;321;10,7744255;53,7009942
"322";"Pentatik";"Deutschland";"Rohlstorf";2;322;10,4067958;53,9709903
"323";"Pestilencia Racesburg";"Deutschland";"Ratzeburg";5;323;10,7744255;53,7009942
"324";"Peters Pawns";"Deutschland";"Oerlinghausen";1;324;8,6638732;51,9604088
"325";"Pfeifenkrautkrieger";"Deutschland";"Kiel";5;325;10,1371858;54,3216753
"326";"Phoenix Marburg";"Deutschland";"Marburg";11;326;8,7757742;50,8117327
"327";"Pig Pile";"Deutschland";"Hagen";15;327;7,4727227;51,357862
"328";"Pink Brain";"Deutschland";"Darmstadt";22;328;8,651177;49,872775
"329";"Pinke Patrolleure";"Deutschland";"Mainz - Darmstadt";2;329;NA;NA
"330";"Pinke Zone";"Argentina";"-";1;330;-75,9791153;2,1985723
"331";"Pink Mob";"Deutschland";"Deutschland";1;331;12,3104346471077;51,308718
"332";"Pink <name>";"Deutschland";"Darmstadt";1;332;8,651177;49,872775
"333";"Pink Pain";"Deutschland";"Darmstadt";68;333;8,651177;49,872775
"334";"Pink Paincakes";"Deutschland";"Darmstadt";1;334;8,651177;49,872775
"335";"Pink Prain";"Deutschland";"Darmstadt";5;335;8,651177;49,872775
"336";"Pink Saint";"Deutschland";"Darmstadt";2;336;8,651177;49,872775
"337";"PKK (Pompfen Killer Kommando)";"Deutschland";"LÃ¼neburg";1;337;10,4078555;53,248706
"338";"PompfenjÃÂÃÂ¤ger";"Deutschland";"Greifswald";7;338;13,3815238;54,095791
"339";"PompfenjÃÂÃÂ¤ger 2";"Deutschland";"Greifswald";1;339;13,3815238;54,095791
"340";"Pompfritz";"Deutschland";"Wuppertal";30;340;7,1780374;51,264018
"341";"Power Pompf Girls";"Deutschland";"Voerde";1;341;9,1362085;53,4850249
"342";"Problem?";"Deutschland";"GÃ¶ttingen";1;342;9,9352051;51,5327604
"343";"Problemeltern";"Deutschland";"Stuttgart";1;343;9,1800132;48,7784485
"344";"Problemkinder";"Deutschland";"Stuttgart";13;344;9,1800132;48,7784485
"345";"Pudding";"Deutschland";"Nortorf";1;345;9,8559648;54,1684689
"346";"Rampage (Ireland)";"Ireland";"Dublin";2;346;-6,2602731;53,3497645
"347";"Ransbach Juggers";"Deutschland";"Hohenroda";2;347;9,9307978;50,8186421
"348";"RaP";"Deutschland";"Berlin";11;348;13,3888599;52,5170365
"349";"RasenmÃÂÃÂ¤her";"Deutschland";"Freiburg";3;349;13,3428889;50,9169415
"350";"RattenfÃÂÃÂ¤nger";"Deutschland";"Rotenburg a. d. Fulda";2;350;9,7269936;50,9948584
"351";"RBS-Jugger";"Deutschland";"NÃ¼rnberg";1;351;12,9118642;48,3619187
"352";"Redback II";"Australia";"Canberra";1;352;149,1012676;-35,2975905
"353";"Redbacks";"Australia";"Brisbane";4;353;153,0234991;-27,4689681
"354";"Redbacks II";"Australia";"Canberra";3;354;149,1012676;-35,2975905
"355";"RedCastleSoldiers";"Deutschland";"Rotenburg a. d. Fulda";6;355;9,7269936;50,9948584
"356";"Resterampe";"Deutschland";"Mixteam";1;356;NA;NA
"357";"Rhabarber";"Deutschland";"Augsburg";1;357;9,1026652;54,5033271
"358";"Rhabarber-Barbaren";"Deutschland";"Augsburg";7;358;9,1026652;54,5033271
"359";"Rigor Mortis";"Deutschland";"Berlin";59;359;13,3888599;52,5170365
"360";"Rigor Mortis 2";"Deutschland";"Berlin";23;360;13,3888599;52,5170365
"361";"Rigor Mortis 3";"Deutschland";"Berlin";12;361;13,3888599;52,5170365
"362";"Rigor Mortis 4";"Deutschland";"Berlin";3;362;13,3888599;52,5170365
"363";"Rigor Mortis Kids";"Deutschland";"Berlin";1;363;13,3888599;52,5170365
"364";"Rosa-Juggs";"Deutschland";"Berlin";1;364;13,3888599;52,5170365
"365";"RosaLux";"Deutschland";"Berlin";1;365;13,3888599;52,5170365
"366";"RosaLuxX (2)";"Deutschland";"Berlin";1;366;13,3888599;52,5170365
"367";"Rosar Mortis";"Deutschland";"Berlin";1;367;13,3888599;52,5170365
"368";"Rosa's Recken";"Deutschland";"Berlin";1;368;13,3888599;52,5170365
"369";"Rotenburg Mix";"Deutschland";"Rotenburg a. d. Fulda";1;369;9,7269936;50,9948584
"370";"Ruby Rabauken";"Deutschland";"Mainz - Darmstadt";1;370;NA;NA
"371";"Rumble Bees";"Deutschland";"Butzbach";1;371;8,6701896;50,4344696
"372";"SaarBastion";"Deutschland";"Saarlouis";4;372;6,749846;49,3164661
"373";"Saarbullen";"Deutschland";"SaarbrÃ¼cken";2;373;6,996379;49,234362
"374";"Saarkasmus";"Deutschland";"SaarbrÃ¼cken";1;374;6,996379;49,234362
"375";"SaarMurai";"Deutschland";"Saarlouis";1;375;6,749846;49,3164661
"376";"Salz SÃÂÃÂ¤ue";"Deutschland";"LÃ¼neburg";1;376;10,4078555;53,248706
"377";"SchÃÂÃÂÃÂÃÂ¤delschwenker";"Deutschland";"Homburg";15;377;7,3340336;49,3181673
"378";"Schergen von Monasteria";"Deutschland";"MÃ¼nster";34;378;7,6251879;51,9625101
"379";"Schergen von Monasteria 1.5";"Deutschland";"MÃ¼nster";1;379;7,6251879;51,9625101
"380";"Schergen von Monasteria 2.0";"Deutschland";"MÃ¼nster";1;380;7,6251879;51,9625101
"381";"Schneewitchen und die 7 Zwerge";"Deutschland";"Waidhaus";1;381;12,4965684;49,6411504
"382";"Schnitzel Pommes";"Deutschland";"Braunschweig";1;382;10,5252669;52,2639962
"383";"Schwarzwild";"Deutschland";"Oldenburg";2;383;8,2146017;53,1389753
"384";"Second Cubs 1";"RomÃ¢nia";"Targu Mures";1;384;24,5611947;46,5446244
"385";"Second Cubs 2";"RomÃ¢nia";"Targu Mures";1;385;24,5611947;46,5446244
"386";"Setanta";"Ireland";"Dublin";9;386;-6,2602731;53,3497645
"387";"Setanta 2";"Ireland";"Dublin";1;387;-6,2602731;53,3497645
"388";"Setanta 3";"Ireland";"Dublin";1;388;-6,2602731;53,3497645
"389";"S.G.A.D";"Deutschland";"Mixteam";1;389;NA;NA
"390";"S.H.I.E.L.D.";"Deutschland";"Bundesweit";1;390;NA;NA
"391";"Siesta y Fiesta";"EspaÃ±a";"Madrid";1;391;-3,7035824;40,4167047
"392";"Silver Horde";"Deutschland";"3 Citys";6;392;NA;NA
"393";"Skull!";"Deutschland";"Berlin";36;393;13,3888599;52,5170365
"394";"Sonnenwende";"Deutschland";"Berlin";37;394;13,3888599;52,5170365
"395";"Sophie Sqirrel Grinder";"Deutschland";"Itzehoe";1;395;9,5155854;53,9250316
"396";"SpaceShuttle17";"United States of America";"Cape Canaveral";1;396;NA;NA
"397";"Spalter";"Deutschland";"Hannover";27;397;9,7385532;52,3744779
"398";"SpaÃÂÃÂbremsen";"Deutschland";"Berlin";2;398;13,3888599;52,5170365
"399";"S.P.A.S.T.";"Deutschland";"Stuttgart";1;399;9,1800132;48,7784485
"400";"S.P.A.T.";"Deutschland";"Villingen";33;400;8,4598995;48,0596619
"401";"Special Gossenschergen";"Deutschland";"Freiburg";1;401;13,3428889;50,9169415
"402";"SPECIAL PHOENIX";"Deutschland";"Villingen";1;402;8,4598995;48,0596619
"403";"S.P.O.T.";"Deutschland";"Villingen";4;403;8,4598995;48,0596619
"404";"SpVgg Rasenschach";"Deutschland";"Rethwisch";8;404;10,4447553;53,7828378
"405";"Strahlenpest";"Deutschland";"MÃ¼nster";1;405;7,6251879;51,9625101
"406";"Sturmwelpen";"Deutschland";"Bielefeld";3;406;8,60709241553391;52,04254155
"407";"SturmwÃÂÃÂ¶lfe";"Deutschland";"Bielefeld";25;407;8,60709241553391;52,04254155
"408";"Sweet Jugger";"Deutschland";"LÃ¼neburg";1;408;10,4078555;53,248706
"409";"Swimming Pool";"Deutschland";"Mixteam";2;409;NA;NA
"410";"TackleTiger";"Deutschland";"Karlsruhe";26;410;7,2931076;51,1525383
"411";"Team 69";"Deutschland";"Oldenburg";1;411;8,2146017;53,1389753
"412";"Team aus Belzig";"Deutschland";"Belzig";1;412;12,5865873;52,1405622
"413";"Team der RÃÂÃÂ¼ckert-Oberschule";"Deutschland";"Berlin";1;413;13,3888599;52,5170365
"414";"Team im MIxer";"Deutschland";"Mixteam";1;414;NA;NA
"415";"Team Loki ( Kinder 8-13 Jahre)";"Deutschland";"FÃ¼rth";1;415;10,989616;49,477263
"416";"Team LÃÂÃÂ¼neburg";"Deutschland";"LÃ¼neburg";1;416;10,4078555;53,248706
"417";"Tentacle Rape Incoming";"Deutschland";"Leer";1;417;7,46314680378176;53,2473626
"418";"Tercios EspaÃÂÃÂ±oles";"EspaÃ±a";"Murcia";1;418;-1,130543;37,9923795
"419";"The Avengers";"United States of America";"NY";3;419;NA;NA
"420";"The Best Juggers";"Deutschland";"Berlin";1;420;13,3888599;52,5170365
"421";"The Crossfighters";"Deutschland";"Bendorf";7;421;7,5732901;50,4238296
"422";"The Fighter";"Deutschland";"Berlin";1;422;13,3888599;52,5170365
"423";"The Fighters";"Deutschland";"Berlin";1;423;13,3888599;52,5170365
"424";"The Fighters (Kindermannschaft, Alter 9-12 Ja";"Deutschland";"Berlin";1;424;13,3888599;52,5170365
"425";"The rising crossfighters";"Deutschland";"Bendorf";1;425;7,5732901;50,4238296
"426";"Thoms Bansen";"Deutschland";"Lippstadt";1;426;8,347194;51,6747074
"427";"Thunderwolves";"Deutschland";"Dannenfels";1;427;7,9431525;49,6277068
"428";"Tollwut";"Deutschland";"Oldenburg";25;428;8,2146017;53,1389753
"429";"Torpedo Astra";"Deutschland";"Hamburg";4;429;10,000654;53,550341
"430";"Torpedo BÃÂÃÂ¤ÃÂÃÂ¤m!";"Deutschland";"Hamburg";33;430;10,000654;53,550341
"431";"Torpedo Eins";"Deutschland";"Hamburg";1;431;10,000654;53,550341
"432";"Torpedo Gorn";"Deutschland";"Hamburg";15;432;10,000654;53,550341
"433";"Torpedo Hobbiz";"Deutschland";"H(H/D)";1;433;9,0086095;49,1321662
"434";"Torpedo Irgendwas";"Deutschland";"Hamburg";1;434;10,000654;53,550341
"435";"Torpedo Kopflos";"Deutschland";"Hamburg";6;435;10,000654;53,550341
"436";"Torpedo Tortuga";"Deutschland";"Hamburg";15;436;10,000654;53,550341
"437";"Totus Bonus";"Deutschland";"Duisburg";1;437;6,759562;51,434999
"438";"Trick17";"Deutschland";"Koblenz";1;438;7,5943951;50,3533278
"439";"Trollfaust";"Deutschland";"Paderborn";7;439;8,76486977817756;51,71895955
"440";"TSV Rudow Kids";"Deutschland";"Berlin";1;440;13,3888599;52,5170365
"441";"Ultra Lamas";"Deutschland";"Berlin";2;441;13,3888599;52,5170365
"442";"Ultra Pinguine";"Deutschland";"Berlin";1;442;13,3888599;52,5170365
"443";"Underdogs";"Deutschland";"Nortorf";2;443;9,8559648;54,1684689
"444";"Underjuggs";"Deutschland";"Alzenau";4;444;9,0665847;50,0833781
"445";"Unicorn of Doom";"Deutschland";"Homburg";2;445;7,3340336;49,3181673
"446";"Unicorns of Doom";"Deutschland";"Homburg";1;446;7,3340336;49,3181673
"447";"Unikorn";"Deutschland";"Berlin";3;447;13,3888599;52,5170365
"448";"Urania KrÃÂÃÂ¼mmel Inc.";"Deutschland";"Hamburg";1;448;10,000654;53,550341
"449";"ÃÂÃÂ-Team";"Deutschland";"Berlin";1;449;13,3888599;52,5170365
"450";"Valar Morghulis";"EspaÃ±a";"Vigo";1;450;-8,7247204;42,2376602
"451";"Verracos";"EspaÃ±a";"Murcia";3;451;-1,130543;37,9923795
"452";"Victim";"Deutschland";"Rethwisch";43;452;10,4447553;53,7828378
"453";"Wackel";"Deutschland";"Nortorf";1;453;9,8559648;54,1684689
"454";"Wadenbeisser";"Deutschland";"LÃ¼beck";6;454;10,684738;53,866444
"455";"Waffelnauts";"Deutschland";"Mixteam";1;455;NA;NA
"456";"Waldmeister";"Deutschland";"Lollar";9;456;8,7064931;50,6488974
"457";"WehrwÃÂÃÂ¶lfe";"Deutschland";"Neubiberg";1;457;11,6615136;48,0769935
"458";"Weserkraken";"Deutschland";"Bremen";19;458;9,7627799;47,7205398
"459";"White Paws";"Deutschland";"Frankfurt (Oder)";1;459;14,549452;52,3412273
"460";"Wild Ducks";"Deutschland";"Ã-Stadt";1;460;11,1758763;50,3585736
"461";"Wistedt Berserkers";"Deutschland";"Hohenwestedt";1;461;9,6508666;54,0898248
"462";"Without Rules Jugger Rotenburg e.V.";"Deutschland";"Rotenburg (WÃ¼mme)";1;462;9,4049292;53,1108906
"463";"Without Rules (W.o.R)";"Deutschland";"Rotenburg (WÃ¼mme)";19;463;9,4049292;53,1108906
"464";"Wolpertinger";"Deutschland";"Passau";1;464;13,4606445;48,5740136
"465";"WÃÂÃÂ¼rzburger";"Deutschland";"WÃ¼rzburg";1;465;9,932966;49,79245
"466";"WÃÂÃÂ¼tende Tintenfische (Wtf)";"Deutschland";"Kiel";1;466;10,1371858;54,3216753
"467";"W.W.S.A.J";"Deutschland";"Hannover";14;467;9,7385532;52,3744779
"468";"Zela";"Deutschland";"Bad Oldesloe";2;468;10,3733692;53,8096562
"469";"Zersorger";"Deutschland";"Darmstadt";1;469;8,651177;49,872775
"470";"Zeugen Jevers";"Deutschland";"GÃ¶ttingen";2;470;9,9352051;51,5327604
"471";"Zonenembryonen";"Deutschland";"Jena";4;471;11,5879359;50,9281717
"472";"Zonenkinder";"Deutschland";"Jena";82;472;11,5879359;50,9281717
"473";"ZonenSpaten";"Deutschland";"mixed";1;473;NA;NA
"474";"Zonenzwerge";"Deutschland";"Jena";10;474;11,5879359;50,9281717
